V1;V2;V3
0,047800701;0,000458232;0,094965611
0,142803938;0,149358767;0,074361286
0,116857577;0,036119838;0,147300735
0,189562293;0,124008302;0,163893319
0,048919771;0,035104898;0,155873823
0,155998988;0,168267493;0,135449306
0,126250258;0,010822661;0,184603659
0,011011896;0,188057417;0,190094107
0,020210836;0,155862285;0,102756007
0,141303845;0,12919085;0,08755174
0,092696777;0,023173465;0,091193345
0,196398151;0,025338369;0,095678761
0,041730995;0,137930837;0,118694227
0,020702512;0,019225945;0,104932738
0,04184642;0,17936208;0,05832166
0,020492311;0,070127117;0,011535189
0,0566452;0,068793355;0,164953986
0,001163992;0,084671374;0,032361498
0,187289768;0,024081872;0,010473076
0,070916618;0,052913197;0,17003921
0,149682906;0,076844358;0,03619356
0,043486606;0,150233996;0,066292291
0,099786503;0,106465301;0,142253512
0,198257307;0,15729189;0,146582896
0,004252328;0,022130645;0,021265918
0,046287243;0,152577685;0,05666506
0,142026031;0,034627825;0,175236734
0,109769277;0,134722259;0,081739021
0,181312296;0,029232439;0,190661075
0,170182969;0,004951671;0,047232828
0,117373517;0,169815787;0,177786019
0,094118279;0,165728006;0,135608484
0,036588792;0,141835512;0,158004412
0,138138376;0,076690877;0,033564237
0,190217921;0,035320019;0,16049969
0,14469263;0,103528266;0,00786395
0,102575429;0,071105762;0,104958215
0,14975364;0,024015778;0,021517677
0,144334376;0,049504267;0,08730414
0,042609128;0,090648578;0,060445752
0,116532535;0,174376266;0,018183553
0,048822831;0,011689514;0,066919198
0,18313728;0,115261324;0,190001035
0,078303487;0,050023766;0,096368361
0,115366057;0,101592613;0,011798356
0,187201392;0,146951563;0,14110489
0,138735762;0,082174353;0,092155802
0,142703466;0,112442527;0,004150788
0,049020354;0,193527929;0,165518582
0,141801499;0,080767668;0,064848238
0,115597212;0,063492991;0,102500607
0,111300443;0,147670077;0,016087199
0,02819544;0,106517536;0,116493159
0,195081717;0,052028917;0,18712799
0,170391011;0,022515863;0,008429294
0,177853769;0,125018875;0,074678637
0,174190016;0,023535646;0,193257188
0,111428752;0,146433908;0,100855797
0,178064167;0,106652853;0,092924835
0,132903539;0,026462195;0,166851281
0,148152598;0,003752127;0,065090129
0,13536839;0,151314286;0,065900439
0,148214304;0,165443227;0,196756488
0,082279057;0,166828099;0,068353532
0,020007036;0,092803146;0,042143408
0,119863122;0,06295806;0,16178015
0,149450391;0,18859716;0,09871868
0,051846363;0,078181906;0,156985473
0,018656853;0,086409638;0,122049906
0,082193096;0,039191524;0,183444491
0,001606129;0,0357135;0,159288792
0,037197663;0,10938713;0,068179337
0,094418152;0,188348279;0,164504201
0,135091919;0,0575405;0,100939014
0,101756489;0,091762367;0,106518289
0,078626852;0,094080546;0,044627997
0,001662363;0,148638451;0,101330402
0,122191492;0,049971525;0,179088077
0,07497383;0,034603829;0,195886448
0,110334225;0,014780627;0,012028492
0,011218612;0,032833673;0,007698528
0,006730815;0,137405607;0,119165392
0,057689941;0,147068433;0,042768997
0,199335583;0,096585131;0,114934542
0,083955398;0,132608496;0,142175686
0,154247246;0,065670851;0,138171113
0,156111189;0,040694362;0,032914491
0,09817503;0,178702457;0,034105574
0,174266229;0,072556249;0,000473424
0,036842305;0,043090724;0,106932494
0,147168746;0,15134817;0,07607715
0,195474859;0,024330542;0,00468462
0,035430019;0,193116965;0,167957176
0,096840823;0,1790626;0,032531588
0,196846259;0,069222865;0,179857705
0,030231107;0,136061828;0,077201343
0,055092089;0,096512975;0,152871598
0,014610184;0,014830182;0,023635353
0,139262511;0,032478446;0,084757998
0,176143253;0,001838949;0,143374265
0,176404722;0,106143421;0,851068256
0,069484582;0,17483364;0,89403778
0,016579047;0,007081189;0,836614801
0,142675778;0,190878839;0,863213705
0,173698955;0,018664373;0,955127498
0,085122854;0,02649552;0,920914841
0,194514812;0,095645832;0,948246497
0,016606774;0,072808239;0,878492897
0,113434295;0,038961484;0,963997324
0,080820813;0,086375153;0,966023558
0,189883962;0,04278921;0,970235929
0,027489889;0,091811443;0,899059595
0,186326439;0,062983922;0,970465125
0,191570841;0,138502916;0,943134248
0,122342581;0,182574047;0,855536571
0,080465336;0,122457754;0,909463557
0,07600612;0,08319442;0,937684818
0,036491148;0,107094999;0,929208523
0,159412699;0,037612341;0,913093748
0,172918679;0,062290826;0,841745477
0,009456432;0,06016865;0,89942127
0,066832185;0,004419699;0,92440801
0,199060266;0,034664948;0,933760032
0,153710566;0,178073718;0,971312631
0,074078136;0,199917802;0,853798358
0,140331245;0,149767919;0,963061033
0,060066783;0,094301309;0,865834048
0,151694396;0,134599621;0,957845729
0,047872331;0,183054998;0,962161612
0,003597065;0,081067607;0,940137501
0,154086;0,080779225;0,846224546
0,158680203;0,090286184;0,801828815
0,154114015;0,099283687;0,809243196
0,012311461;0,155543325;0,802153667
0,054631939;0,183277483;0,922024831
0,064415456;0,150931054;0,938035033
0,100150046;0,143914171;0,965953839
0,111264364;0,105542057;0,861931424
0,020669491;0,136702457;0,88532079
0,020597939;0,144074726;0,856031724
0,123786942;0,06434222;0,840677479
0,073904814;0,011490568;0,984961867
0,005168865;0,136316973;0,847992563
0,172635408;0,093830983;0,845126259
0,162271561;0,185570591;0,857332291
0,05414413;0,021644837;0,851715005
0,189109963;0,131521529;0,893897488
0,187810546;0,188462735;0,93635462
0,009169461;0,115569922;0,957857842
0,139165856;0,188300174;0,848019168
0,094492112;0,129728681;0,863470356
0,157627529;0,090647446;0,899213851
0,091295314;0,183060651;0,897488909
0,123228772;0,013998367;0,909941967
0,000912402;0,067156918;0,996828352
0,168593699;0,016485881;0,805869967
0,022964632;0,15496557;0,986606596
0,146949851;0,028032716;0,999919017
0,113900642;0,099275952;0,90788927
0,152003376;0,137480365;0,833867108
0,094166771;0,038057458;0,846426756
0,019790098;0,057969185;0,822719866
0,154287813;0,136946612;0,873152292
0,062229044;0,1161577;0,889929312
0,160675132;0,00077349;0,831839908
0,024475078;0,02098237;0,922559881
0,110810245;0,068477886;0,872964452
0,025877195;0,025427474;0,958873394
0,051236614;0,190515129;0,932667912
0,055481597;0,006210753;0,934403564
0,127657539;0,158295877;0,987412734
0,085711406;0,146879626;0,813696346
0,064113171;0,183314102;0,981252056
0,065388895;0,037169084;0,859814533
0,171015479;0,128312407;0,820644991
0,099426839;0,029380603;0,992987164
0,144461307;0,121654919;0,942800077
0,181239952;0,023675166;0,836128193
0,097641146;0,181672717;0,923611112
0,185411528;0,051974865;0,895535365
0,108434662;0,035852505;0,877441938
0,017598942;0,100228337;0,861422626
0,057349708;0,149791177;0,851356224
0,005028214;0,171979791;0,908505912
0,081351397;0,12637305;0,892501834
0,149182354;0,159702952;0,820006265
0,164587862;0,13142812;0,85657439
0,094475025;0,042165266;0,953417003
0,149373387;0,094512885;0,802263747
0,180532808;0,19227552;0,921856172
0,118743398;0,074839181;0,87474901
0,169863108;0,106941478;0,836727826
0,076812423;0,036118238;0,950641792
0,090478699;0,099646494;0,874362618
0,033138913;0,132962374;0,939042534
0,027596361;0,036629113;0,956579722
0,175828713;0,063709614;0,914464034
0,064891082;0,015478784;0,892133243
0,133572988;0,150948247;0,914506872
0,134626155;0,187902558;0,889762328
0,17910026;0,844791912;0,080653424
0,073572371;0,833867307;0,182835051
0,14410554;0,876548221;0,138862692
0,051910999;0,967175084;0,083608496
0,112759234;0,832080982;0,16955
0,198443459;0,972562543;0,054806355
0,060409964;0,910755339;0,171031506
0,142586653;0,848294587;0,178749598
0,157794816;0,904844114;0,143627598
0,013219508;0,809093753;0,103017175
0,041123173;0,973263245;0,058254363
0,147713051;0,878092653;0,056672689
0,077407446;0,833514853;0,028260912
0,076420157;0,996159209;0,113587656
0,179369317;0,834351727;0,055410342
0,093473512;0,943320031;0,082359987
0,147554932;0,943676271;0,006465499
0,102109258;0,802900161;0,007026036
0,181804983;0,805482671;0,126854047
0,172810719;0,81579713;0,168089976
0,197542047;0,822954618;0,016572168
0,092114471;0,948479916;0,025972707
0,183519776;0,963674613;0,159254189
0,182907294;0,839865283;0,184898428
0,083014059;0,858596177;0,011986586
0,074611565;0,82012744;0,148939709
0,182732457;0,810279036;0,011304152
0,167200464;0,979677731;0,100399531
0,192289897;0,925497423;0,132888589
0,198428101;0,968566052;0,046441773
0,055503516;0,819659177;0,01497294
0,092797712;0,857254767;0,064902565
0,085336928;0,916460793;0,08587769
0,151355951;0,927633307;0,125795657
0,089429269;0,938054907;0,00689966
0,148275069;0,882743259;0,05549269
0,18051656;0,821856393;0,066782705
0,110950621;0,870759654;0,155196469
0,053280135;0,903721396;0,188713053
0,015397048;0,827005674;0,043523392
0,079337253;0,84998859;0,044442732
0,130081473;0,829032853;0,118992941
0,157499671;0,826743636;0,173069472
0,006144542;0,98153002;0,182813106
0,049998448;0,856755937;0,029467768
0,076747279;0,876282047;0,016525021
0,015769325;0,921749114;0,068736521
0,062480526;0,891218925;0,098759938
0,191884982;0,991732187;0,012727901
0,074272952;0,986110037;0,085170886
0,012215763;0,926035253;0,01800287
0,128782652;0,877107248;0,036650168
0,051129165;0,904535054;0,150203221
0,067772022;0,861739914;0,187497882
0,029725939;0,854914597;0,036393711
0,108046428;0,97459191;0,155306686
0,038917871;0,810940548;0,000766174
0,136842799;0,857967933;0,166793543
0,054912961;0,936795734;0,109295272
0,041646343;0,817758945;0,182050969
0,15333846;0,891793343;0,003960028
0,150850574;0,912037007;0,066135544
0,142924082;0,971986399;0,017647007
0,098124038;0,928430704;0,151873703
0,068704366;0,876789614;0,067467064
0,069761987;0,807856548;0,117132168
0,175436547;0,801723874;0,19559844
0,15871285;0,849303958;0,02953231
0,019266707;0,94077248;0,044577234
0,106867659;0,934816662;0,134927952
0,067530456;0,907977588;0,169056596
0,139101305;0,979776024;0,099553246
0,07277665;0,918804487;0,125371732
0,078938432;0,985241866;0,028555356
0,196847535;0,836810298;0,095652462
0,197717648;0,957745682;0,112004114
0,054461785;0,869922546;0,018604014
0,019002424;0,928054271;0,148947518
0,198805808;0,80096781;0,195768498
0,121539942;0,831955101;0,126743823
0,164613411;0,87526777;0,121859792
0,199248555;0,939905088;0,15385418
0,165807793;0,946504348;0,186380869
0,178958536;0,978828476;0,177416195
0,041629066;0,977392218;0,032344051
0,007289498;0,89233267;0,000279788
0,147825101;0,900218474;0,006364631
0,167722123;0,931315786;0,012305229
0,138984446;0,917523827;0,098477357
0,12613914;0,904277344;0,097041342
0,08883381;0,820152009;0,077119398
0,08846315;0,871457661;0,127922892
0,042300679;0,816286958;0,146900943
0,036265831;0,8358895;0,079873721
0,116684315;0,961601056;0,07808999
0,164979655;0,815128922;0,09031419
0,105475803;0,941879043;0,043900794
0,10890408;0,988039491;0,174435746
0,098501551;0,981970465;0,121182628
0,165549927;0,964087308;0,154134093
0,023876328;0,931587856;0,857432896
0,178203604;0,951851763;0,952994473
0,03735811;0,912223834;0,837532784
0,147564842;0,922717045;0,860667478
0,082338999;0,859545215;0,803627164
0,102453834;0,931915928;0,995474823
0,163503377;0,923065753;0,828766582
0,163791543;0,924123254;0,895381744
0,094566667;0,9780478;0,962680715
0,098789111;0,981309308;0,823819332
0,103903785;0,84677198;0,932358575
0,010869885;0,948632021;0,858352908
0,030194586;0,970009721;0,919314976
0,157881237;0,847452404;0,866262412
0,080919709;0,986166902;0,8961338
0,128453743;0,87723164;0,996635987
0,191251252;0,927484189;0,957768996
0,162710459;0,86994542;0,879513436
0,034093712;0,954005184;0,93897749
0,09834966;0,809947122;0,908112204
0,193212575;0,960814361;0,814168604
0,183402869;0,816234746;0,925974219
0,103041866;0,973596058;0,949544427
0,171141473;0,872602935;0,844131916
0,175498764;0,911358171;0,89123594
0,188048399;0,936430823;0,892522016
0,1293774;0,836601913;0,885851334
0,144903092;0,897889023;0,901032152
0,047931737;0,858725365;0,800672994
0,124977504;0,949891401;0,867855714
0,00951612;0,997710523;0,916136047
0,122301002;0,998110167;0,811757507
0,008954058;0,844689806;0,933482296
0,051106893;0,89078049;0,88624425
0,087726701;0,880778879;0,800623291
0,017845356;0,968117227;0,91752943
0,066727852;0,8144129;0,951412863
0,197755794;0,961121419;0,901003839
0,023779457;0,913682495;0,943601001
0,071867359;0,819393077;0,856226065
0,015616048;0,904079223;0,82672815
0,049780498;0,861828983;0,916494471
0,05813114;0,909613449;0,899632327
0,155630128;0,800405197;0,869872169
0,103768638;0,809562323;0,970865836
0,005891327;0,814728929;0,914984548
0,024788863;0,866387915;0,996699588
0,146770339;0,878346083;0,90477474
0,152187682;0,971690849;0,954905941
0,065804433;0,879857005;0,870113647
0,046198464;0,915500305;0,834647747
0,19610595;0,886338667;0,889801187
0,104959217;0,813362197;0,943613398
0,126216956;0,86070127;0,840227
0,054735694;0,852982354;0,931992715
0,069306448;0,836116642;0,960093284
0,157244967;0,839413301;0,953614204
0,093472449;0,880422399;0,990835339
0,115808489;0,877059311;0,872416936
0,109751663;0,970821965;0,863382489
0,025611258;0,84447481;0,890722632
0,05659906;0,969679896;0,819561903
0,134218324;0,828467407;0,876588543
0,064128347;0,871275178;0,934752468
0,132028587;0,96498355;0,972758827
0,003709891;0,982875971;0,96204889
0,041626918;0,825282718;0,977404779
0,044165564;0,864475241;0,845699412
0,152539467;0,970083178;0,80948944
0,065814876;0,84584449;0,97399202
0,107391781;0,942612885;0,941458034
0,170674545;0,896800327;0,869906031
0,042132526;0,84293667;0,952136592
0,179742586;0,908138236;0,908646407
0,063283426;0,987364088;0,976240204
0,188510003;0,889334405;0,841000317
0,184331738;0,980711382;0,856184945
0,042037805;0,961632442;0,883190743
0,032332426;0,90785635;0,812832981
0,084472627;0,891636869;0,882557782
0,179754411;0,811692664;0,938388642
0,059393793;0,86825728;0,836728027
0,181850579;0,883069934;0,97555628
0,027896818;0,911246994;0,943308511
0,156329989;0,85135235;0,932726499
0,196937267;0,949893166;0,906718898
0,163222497;0,892290076;0,950443195
0,135396561;0,91769287;0,916908819
0,198498261;0,888248692;0,87456459
0,022133242;0,801620526;0,822003131
0,167109126;0,839247576;0,896973899
0,132916767;0,82440796;0,909686408
0,168016464;0,809012672;0,965165982
0,13200177;0,908433589;0,838806307
0,056106722;0,834721065;0,974718955
0,174457295;0,868687791;0,856160402
0,166824028;0,882047438;0,905744334
0,047641076;0,970118617;0,937732448
0,145449444;0,983096509;0,953506168
0,193559746;0,836895834;0,82498128
0,943025472;0,054382034;0,185415229
0,842120947;0,109247191;0,06964598
0,870162817;0,057190922;0,056505478
0,829413113;0,180641519;0,034720795
0,966496715;0,085851846;0,08759558
0,964049143;0,064884617;0,088424964
0,819320869;0,068065074;0,029376734
0,844934435;0,187973447;0,037718555
0,873365275;0,175667249;0,176074925
0,957422748;0,058632078;0,080690183
0,863764258;0,095147458;0,151472277
0,94734246;0,021683462;0,130569348
0,888905352;0,133459294;0,138029859
0,944843418;0,045626125;0,036437706
0,893246319;0,004295395;0,177720679
0,895048997;0,17918511;0,07299247
0,88578414;0,04443853;0,03831832
0,822312577;0,143332249;0,190408614
0,910597371;0,136521521;0,087334847
0,871133073;0,074619661;0,025148376
0,989798497;0,190339783;0,014431643
0,800521474;0,169926479;0,082902267
0,957369437;0,166759552;0,02404479
0,966993115;0,139103137;0,197629346
0,886047032;0,148473825;0,06019937
0,869990068;0,165013672;0,198408223
0,877194992;0,026161692;0,001934208
0,872602023;0,197249794;0,11209894
0,977490469;0,16600467;0,006762449
0,995767848;0,053471137;0,115331783
0,802156628;0,186700276;0,104471947
0,827706553;0,08646176;0,188403673
0,910864384;0,121452467;0,144507476
0,831791572;0,032666609;0,003511639
0,901887066;0,006817812;0,136929961
0,802134008;0,146690215;0,058294964
0,846089547;0,089352841;0,114602548
0,997352747;0,08679462;0,040785489
0,942134042;0,04772748;0,116277691
0,893322507;0,084628304;0,110976037
0,898901806;0,0497917;0,014958859
0,966123934;0,145301173;0,053161481
0,981332075;0,031240005;0,006742155
0,828926358;0,14320427;0,02312607
0,877602323;0,128908372;0,175280452
0,948161477;0,110897539;0,0974006
0,820476521;0,0959304;0,111652959
0,893758069;0,187701611;0,196078319
0,95619289;0,075038893;0,117325206
0,895476041;0,021780265;0,048343447
0,957398841;0,148873927;0,129047694
0,950375107;0,183631522;0,078196962
0,809459981;0,07874034;0,097718836
0,980213821;0,178001483;0,144659311
0,893731462;0,193051156;0,003124289
0,915936007;0,084365002;0,032593764
0,8240899;0,127181736;0,161577093
0,935736138;0,056819286;0,121104355
0,987733361;0,095372069;0,132209324
0,871577521;0,164364264;0,076411719
0,862105261;0,085263643;0,139809607
0,853811568;0,16054289;0,01268046
0,882532606;0,12723207;0,091628372
0,879639553;0,046434523;0,149267367
0,900779417;0,118774098;0,145800488
0,934320861;0,196125883;0,133100101
0,928902898;0,045911929;0,160296503
0,982659393;0,089083369;0,182503934
0,828278637;0,182935373;0,197719821
0,887300968;0,055281109;0,097634466
0,85507304;0,182410467;0,040741507
0,819248461;0,14259347;0,152110467
0,991934285;0,162284921;0,139822613
0,816617011;0,023411048;0,119950903
0,816421639;0,003272142;0,116470439
0,894665581;0,007051742;0,168336137
0,971650108;0,109562085;0,006975337
0,847525366;0,094171568;0,188977553
0,952100858;0,009380226;0,038939154
0,926289619;0,137296775;0,093677115
0,82721581;0,190844808;0,162840764
0,953318128;0,198018765;0,081224477
0,990366462;0,113114239;0,144070343
0,850764633;0,08009368;0,115170566
0,97624178;0,064074762;0,194144846
0,871542509;0,056172516;0,037737235
0,950058337;0,152958803;0,174090588
0,854196376;0,08413901;0,138859115
0,929375563;0,191619283;0,124144029
0,825382526;0,158821332;0,178354692
0,857529031;0,017799675;0,039214697
0,89991359;0,060216236;0,046617683
0,838161951;0,033214419;0,096305785
0,818007601;0,183297019;0,015086209
0,894220174;0,092106749;0,059601002
0,99521305;0,159691157;0,123556265
0,835476682;0,143518274;0,046904989
0,989138845;0,08881576;0,118933623
0,867892887;0,059296224;0,195391198
0,938557695;0,029046923;0,127572744
0,876710297;0,010365416;0,98069286
0,832473897;0,083400156;0,918521158
0,981068796;0,062010585;0,921537341
0,966369391;0,145144732;0,950265578
0,905275851;0,074013173;0,897179204
0,835968908;0,157632927;0,8618109
0,883328837;0,152856631;0,812225184
0,903517121;0,13566069;0,869892479
0,832993381;0,021459662;0,848322643
0,940747335;0,100663221;0,821577986
0,80818037;0,071075889;0,965832332
0,903092637;0,18424608;0,87814346
0,901457797;0,176390458;0,917801876
0,801144074;0,125740055;0,892840696
0,832738029;0,14873847;0,999456588
0,969454788;0,106755827;0,970891062
0,992633474;0,159707846;0,843416209
0,983254552;0,198186037;0,861981814
0,896767653;0,128662767;0,835432756
0,819229277;0,191858065;0,831794836
0,996605476;0,074156538;0,990078684
0,832461842;0,08226405;0,854313477
0,84587504;0,035208019;0,981386053
0,940249898;0,173746015;0,920505057
0,889538589;0,035406671;0,9698223
0,895135825;0,015191429;0,918333369
0,866186062;0,035479267;0,993043804
0,900378237;0,032673002;0,934956454
0,856482403;0,121520036;0,918605169
0,910651754;0,12354344;0,992458333
0,807345992;0,178201535;0,872266506
0,953061036;0,112334045;0,899706615
0,836410468;0,161124085;0,806334144
0,803665703;0,001611162;0,84593359
0,82136433;0,064437058;0,868808661
0,819477647;0,153136455;0,865645133
0,956485049;0,035005385;0,894206675
0,849236507;0,019970754;0,829082272
0,869444009;0,059463025;0,978261255
0,878993776;0,085646329;0,986042691
0,998252122;0,026969605;0,878641428
0,92228947;0,07238989;0,959925326
0,947384919;0,102311826;0,997175861
0,916080673;0,029783657;0,915581264
0,926577715;0,153646856;0,819943706
0,898648577;0,155394162;0,843602086
0,955898885;0,006710688;0,859506657
0,844867876;0,10913289;0,883836182
0,951093097;0,015819595;0,920848847
0,879762745;0,097291291;0,822322766
0,880937943;0,069142379;0,991560369
0,974008645;0,012955516;0,949909318
0,966569434;0,119885817;0,885783799
0,960211994;0,065528533;0,881724785
0,963455085;0,111218804;0,863249264
0,898292909;0,163049604;0,929023473
0,963158446;0,153620214;0,874119224
0,906720991;0,064625283;0,856092965
0,876341325;0,10310461;0,851331143
0,885879905;0,014981378;0,988845286
0,944839483;0,142050545;0,840391693
0,957715254;0,021818332;0,807052865
0,828942061;0,14793772;0,922229081
0,913943197;0,103787822;0,873689306
0,817049028;0,162199775;0,873855186
0,882092697;0,141441996;0,907987324
0,861573518;0,134952195;0,918052327
0,937214168;0,185781325;0,994438781
0,836025404;0,0629392;0,931528186
0,983652605;0,188887399;0,83185776
0,918268112;0,053946511;0,880134281
0,980450927;0,057995791;0,964442958
0,964756244;0,125745262;0,81489053
0,864253545;0,161006164;0,946104791
0,813758719;0,08150976;0,989483945
0,936749474;0,170548346;0,835421728
0,83488157;0,097029353;0,926083015
0,826085588;0,069727646;0,965726773
0,86292547;0,149981304;0,912587865
0,833455791;0,13710148;0,874711997
0,961035263;0,154265581;0,85504584
0,921912598;0,154979958;0,898351167
0,912885917;0,023231507;0,805646283
0,912027287;0,015648723;0,931485575
0,840454645;0,167185774;0,924254735
0,949534579;0,178943966;0,915319754
0,978718852;0,122185307;0,900361661
0,805619274;0,193265561;0,918863932
0,969802688;0,020836587;0,802689403
0,889529227;0,05450258;0,861383014
0,965357876;0,1789004;0,856480708
0,962459062;0,079796912;0,86635498
0,802886064;0,071905398;0,871000134
0,816046396;0,192509718;0,815131369
0,962138649;0,031086322;0,967603038
0,921834611;0,197405788;0,926340352
0,86723252;0,033125486;0,808519319
0,916980333;0,178216449;0,899626489
0,828607505;0,075893282;0,834418686
0,912281995;0,090707433;0,909342422
0,883104787;0,887725027;0,145266394
0,955205797;0,880898678;0,137028421
0,901441286;0,832352728;0,185531006
0,815065613;0,8692256;0,197951501
0,910984222;0,820863431;0,057981695
0,803758846;0,848531031;0,136482677
0,881150773;0,825128131;0,000507861
0,933638687;0,886141594;0,083967375
0,921518542;0,875016032;0,138960516
0,806267249;0,99729218;0,114337644
0,899939272;0,949305288;0,111507753
0,949863886;0,88449398;0,11322408
0,844232704;0,826049604;0,034007803
0,91427332;0,915261826;0,159358198
0,980969743;0,949042761;0,125294659
0,864351873;0,819149456;0,02627839
0,953653572;0,819003628;0,195582797
0,826920219;0,904625158;0,038326283
0,906436269;0,975894661;0,01872878
0,994544459;0,966972472;0,071098099
0,855846019;0,97450622;0,168347007
0,929249517;0,870908483;0,193342662
0,974393212;0,88984426;0,017884411
0,903802875;0,856407125;0,111760597
0,980694569;0,988653482;0,164371766
0,901741811;0,936820452;0,157861888
0,967282359;0,837228567;0,035983475
0,828933337;0,933974964;0,149997333
0,852419982;0,849437115;0,056067
0,801756887;0,944583561;0,185213099
0,824531496;0,843076101;0,036700792
0,856867578;0,851992702;0,160678798
0,983207719;0,967624372;0,099389218
0,944789322;0,928819976;0,000838927
0,904831371;0,853582349;0,137848712
0,986087479;0,979909031;0,092054856
0,987502263;0,960433694;0,099609639
0,83614464;0,836471071;0,112781846
0,98443437;0,806793239;0,177072794
0,996773356;0,874049404;0,01360562
0,849068222;0,822613483;0,049013435
0,873605805;0,968852777;0,081042526
0,95749881;0,854453991;0,037345875
0,892816805;0,817781899;0,037259029
0,866058819;0,987300983;0,174266772
0,969668014;0,99672111;0,130696233
0,951801168;0,869704892;0,117708995
0,994295734;0,884967244;0,175173044
0,832640639;0,838673648;0,092413687
0,924435038;0,886942916;0,115324108
0,91493799;0,959949481;0,157699215
0,95397546;0,810409888;0,018714277
0,831649583;0,82428482;0,079295153
0,845535892;0,801333313;0,120514497
0,835141544;0,850747317;0,035890652
0,802033043;0,893277468;0,09943457
0,827108565;0,856713106;0,109817239
0,818145382;0,965359322;0,081262224
0,855879857;0,874063527;0,056010493
0,854741771;0,908576694;0,13402383
0,830404789;0,88680342;0,169618868
0,882749428;0,877201314;0,187369391
0,979855611;0,844759221;0,06197205
0,909430471;0,953640873;0,037113635
0,907718993;0,80463561;0,043513015
0,807865702;0,823571963;0,17241281
0,839231431;0,905925031;0,168486708
0,894204433;0,86900343;0,156336927
0,983366885;0,923855768;0,021900725
0,912093361;0,854825155;0,177742897
0,958437693;0,900660156;0,183817262
0,848765741;0,987931181;0,163875435
0,889499937;0,860310583;0,096682808
0,836365702;0,817435281;0,098864119
0,924792901;0,903562387;0,05539755
0,83983548;0,92336822;0,146251507
0,990481856;0,997544175;0,109228597
0,941072898;0,913032709;0,097607097
0,824074309;0,971702865;0,085589109
0,808089727;0,850124182;0,197337294
0,841055559;0,982411568;0,158614591
0,994942207;0,828810883;0,133680899
0,883681809;0,928120276;0,028472352
0,92470823;0,863249451;0,022600988
0,93902345;0,933544311;0,11533613
0,806898973;0,859021482;0,038224371
0,841189911;0,96258776;0,195530017
0,843108339;0,905505709;0,118297476
0,960783225;0,91658058;0,055521023
0,987072382;0,870988616;0,078989385
0,905878346;0,988277923;0,034045181
0,964167921;0,811717313;0,118107066
0,931483465;0,949939363;0,050334044
0,936626551;0,898818273;0,114949114
0,961243103;0,961788639;0,122238813
0,912628731;0,806197625;0,125620228
0,998639172;0,833391458;0,126255091
0,902695031;0,96330767;0,062484543
0,913574049;0,859554614;0,045214329
0,919461679;0,813643912;0,028296343
0,811069953;0,927516893;0,848101863
0,948712375;0,93604989;0,926338707
0,926439598;0,896903871;0,87776216
0,97227318;0,804772731;0,843659476
0,998252245;0,926853429;0,853922145
0,988312524;0,888662698;0,941201968
0,833664398;0,823136025;0,80353482
0,975821952;0,900420914;0,883738016
0,884135393;0,911012391;0,833121899
0,809473769;0,93251884;0,884105418
0,891223494;0,827711154;0,923542011
0,866961994;0,840868815;0,93988014
0,866526159;0,894714216;0,808535027
0,991563389;0,93897333;0,928493305
0,83365629;0,848478052;0,805966898
0,903628575;0,835382116;0,818083245
0,982121128;0,935627097;0,950823222
0,931187742;0,88562618;0,938253217
0,918018792;0,912793809;0,916141649
0,808424647;0,928204496;0,991023144
0,910671168;0,876455338;0,852748368
0,990302797;0,835410203;0,817941792
0,883187646;0,902307448;0,82693461
0,998171592;0,883579329;0,836706897
0,877010756;0,876876134;0,821314643
0,910203336;0,864164463;0,835155963
0,93664984;0,940013217;0,866844442
0,895301615;0,811759022;0,949353389
0,955751489;0,974627304;0,815596115
0,815442816;0,917548435;0,928695667
0,853017492;0,964883147;0,896043026
0,820131467;0,907341291;0,918071621
0,861794429;0,852793263;0,955437182
0,897326932;0,815634418;0,887385955
0,985229202;0,827758113;0,97138947
0,822232957;0,979738238;0,962579983
0,950777064;0,885960959;0,817731401
0,81403019;0,872127071;0,872997598
0,948904014;0,934304733;0,906764666
0,856468141;0,814786133;0,802386648
0,985014629;0,924167936;0,9756918
0,951551831;0,959891614;0,977359585
0,8480003;0,920635329;0,883455043
0,86320235;0,874909639;0,845173237
0,811133338;0,980502563;0,876050687
0,835637614;0,926926093;0,887744807
0,92131412;0,972719095;0,846529438
0,887236038;0,921620071;0,953760637
0,866370195;0,943810567;0,86005749
0,99568529;0,802789986;0,875828212
0,812938545;0,885102544;0,844081212
0,924036994;0,88688919;0,821157827
0,970180197;0,935672469;0,912490769
0,961726319;0,810040561;0,887529703
0,8489645;0,941953617;0,889188828
0,987401822;0,9656869;0,932319681
0,898522032;0,877931212;0,962520284
0,945638801;0,907850374;0,95538543
0,817915193;0,891956339;0,859636
0,944879699;0,943237643;0,817818682
0,830707553;0,862362634;0,909002842
0,816657099;0,873112621;0,999085625
0,957926732;0,960633776;0,96219825
0,953819707;0,934282367;0,854815393
0,865690359;0,862861081;0,830556948
0,827295851;0,984066538;0,846117972
0,800932576;0,91190245;0,966596162
0,903633568;0,851472837;0,889918797
0,904075195;0,943368772;0,942804428
0,803247924;0,826540132;0,992701245
0,811501385;0,895490948;0,82724477
0,973576004;0,827549766;0,960778467
0,861960833;0,952440282;0,971035962
0,855360345;0,875012702;0,81107831
0,868150662;0,933537768;0,819895584
0,848014315;0,960740496;0,900053787
0,902831571;0,836471299;0,991908479
0,908260327;0,944604772;0,940553074
0,916144026;0,890617056;0,975221866
0,893415686;0,856891852;0,986969614
0,86778393;0,810233481;0,922483474
0,931799854;0,987923116;0,935734208
0,977883251;0,810078028;0,923439293
0,989762893;0,962415375;0,925303049
0,969952905;0,944947929;0,836459101
0,912803399;0,858028079;0,965832116
0,837996836;0,867271459;0,835356346
0,817195255;0,930274442;0,863902673
0,851103105;0,841431527;0,890154837
0,849693179;0,936300247;0,857013963
0,973003233;0,869009645;0,809341688
0,940098104;0,830448716;0,965873403
0,808672804;0,851413541;0,855466443
0,880123584;0,844073761;0,838455825
0,983757573;0,990499679;0,807676799
0,944406719;0,902926541;0,899814262
0,851187531;0,827151731;0,889768775
0,950417584;0,853294762;0,854164401
0,903309995;0,82293018;0,881878447
0,977624599;0,873943672;0,966121359
0,444970351;0,558517549;0,513023016
0,415035495;0,468982469;0,54461233
0,441826835;0,510051027;0,542722926
0,432590568;0,531700017;0,45362696
0,401097746;0,453786596;0,546413234
0,488785704;0,431680093;0,419058057
0,477491274;0,552822841;0,425485294
0,43175622;0,545044221;0,488752396
0,435155862;0,51327384;0,45247017
0,543148015;0,461866644;0,413362444
0,590166056;0,581718317;0,573300651
0,433675748;0,50150365;0,500438081
0,514190453;0,477197119;0,432846552
0,421614835;0,545075363;0,587881636
0,526465048;0,499460718;0,524317615
0,529775544;0,511559655;0,414999399
0,583648534;0,402285191;0,411126243
0,451465986;0,479071452;0,435967586
0,458365602;0,443833161;0,446100732
0,444847987;0,405282123;0,451366685
0,465735572;0,558865064;0,469184127
0,530722155;0,504471977;0,401511381
0,560354252;0,481037085;0,543641239
0,554547298;0,464019642;0,432364152
0,406396353;0,593021776;0,442425298
0,552707308;0,492633477;0,52146983
0,506763444;0,58049069;0,403042765
0,523531394;0,412124981;0,492297459
0,491460375;0,493966536;0,513364402
0,437731088;0,579412382;0,425860035
0,452899426;0,416404998;0,50648434
0,457019054;0,593873635;0,515657958
0,47908693;0,522407321;0,426023235
0,54780937;0,483381984;0,500498732
0,522626624;0,452449325;0,46571535
0,472337907;0,523741933;0,594099489
0,590357852;0,562351054;0,525446934
0,521877985;0,572161005;0,503358922
0,496982913;0,451844189;0,58900788
0,503931712;0,567702839;0,52150042
0,52820098;0,568908696;0,433336275
0,576215826;0,438730223;0,596943681
0,548455319;0,530706639;0,517661449
0,483604001;0,482801492;0,562217765
0,54387438;0,428746604;0,423130059
0,530005954;0,520042895;0,437081837
0,476708095;0,571453654;0,456974354
0,442171729;0,536580717;0,549170358
0,532415384;0,540464445;0,492587217
0,403003831;0,471225491;0,402596316
0,411966989;0,538386281;0,497301998
0,475230042;0,531714986;0,470723406
0,596281375;0,406004724;0,453442877
0,584752602;0,53140197;0,592013404
0,481817784;0,586200496;0,572131982
0,526649989;0,446463052;0,469102056
0,457489743;0,572724401;0,565396206
0,496762285;0,546903934;0,483492597
0,533054253;0,427560029;0,417717219
0,400461765;0,444161722;0,430860344
0,550181384;0,505105986;0,572564392
0,53519652;0,530035496;0,587106239
0,544911783;0,482732689;0,475373648
0,402992551;0,599004169;0,440691354
0,405179783;0,549947334;0,416449139
0,492187802;0,531146893;0,597402949
0,456063833;0,546327327;0,482123106
0,540763378;0,420230087;0,595524209
0,428244324;0,551214246;0,502231878
0,420593674;0,518151362;0,41545675
0,490403774;0,478670389;0,528931624
0,561781695;0,517400812;0,52995318
0,517091961;0,505508472;0,560045426
0,509193008;0,475535983;0,485781989
0,522070129;0,565690399;0,464636495
0,480582334;0,502038538;0,490532151
0,44442427;0,548355571;0,421412466
0,441825514;0,446284487;0,537156645
0,458093891;0,580930845;0,437882276
0,484871922;0,450432819;0,496466392
0,456043428;0,59513152;0,437802033
0,519725435;0,515283992;0,57246489
0,551146704;0,470778979;0,508516199
0,598957114;0,498162655;0,587402065
0,581962469;0,586015701;0,536515113
0,597941943;0,509354401;0,51395312
0,444146842;0,460095841;0,579486372
0,592927612;0,558250319;0,548691029
0,558295077;0,442078997;0,406181554
0,411999497;0,590601019;0,45292793
0,573238549;0,518405243;0,507610732
0,417522528;0,511945062;0,512141103
0,538491864;0,54602521;0,431028756
0,482133278;0,472453856;0,539629413
0,578436351;0,535781524;0,5514239
0,516426194;0,43981631;0,462518892
0,462945547;0,451132656;0,468183117
0,47618548;0,511853863;0,467800323
0,415295346;0,46711046;0,551528715
0,499628228;0,503991439;0,557887602
0,750685641;0,935243431;0,804583469
0,284107446;0,124544363;0,04199239
0,167843089;0,862128696;0,832744287
0,664082697;0,196009992;0,008206341
0,400012267;0,586994771;0,754860004
0,260199305;0,959959912;0,615599372
0,228496112;0,82244282;0,85471284
0,562354804;0,783579673;0,79762476
0,090393974;0,968799545;0,243696307
0,218006142;0,136059117;0,454833613
0,659784801;0,352896472;0,559205577
0,895212193;0,842766534;0,405744791
0,837829672;0,309696462;0,489971193
0,798663816;0,180079571;0,786062419
0,270467036;0,327853209;0,376238996
0,179843095;0,435568959;0,737979115
0,983908879;0,504246902;0,816983322
0,280088707;0,414979509;0,223291926
0,236245183;0,041790748;0,62870874
0,399104186;0,751217716;0,698666885
0,583223808;0,769822208;0,408147598
0,664351555;0,711125474;0,552760772
0,25501412;0,031898425;0,6583139
0,370604012;0,834000698;0,837259086
0,671110493;0,421086323;0,275557515
0,115249739;0,685716084;0,664103188
0,353229254;0,804766677;0,675357798
0,113789397;0,325303985;0,75643092
0,262762472;0,411862253;0,816971299
0,029969764;0,50732755;0,214616387
0,494585328;0,900630952;0,929247715
0,023293816;0,237673479;0,418817765
0,210448708;0,866577325;0,753905388
0,617738874;0,562282255;0,309792126
0,638364243;0,654825188;0,566982507
0,680766716;0,49845314;0,807297679
0,542466388;0,686770751;0,673280789
0,753443598;0,838277145;0,076542188
0,044397697;0,115573343;0,207361093
0,969390891;0,660611573;0,659716289
0,890131332;0,677823482;0,800972479
0,106697429;0,937520888;0,795438669
0,898701803;0,783749235;0,428818524
0,378951759;0,216137137;0,22909202
0,624627542;0,296298486;0,528643827
0,004420801;0,193760628;0,666519865
0,536740438;0,875356327;0,654881502
0,737605536;0,702158943;0,318849096
0,219104382;0,170547761;0,503528927
0,408869582;0,272140584;0,58756739
0,695965851;0,994380557;0,763772998
0,767807398;0,583405934;0,700758568
0,293079689;0,204816737;0,234311021
0,41717559;0,357635045;0,067055857
0,172562176;0,275942442;0,851442486
0,007905583;0,73417077;0,513165039
0,364600822;0,217715294;0,069799307
0,43344688;0,834530133;0,783953544
0,134400567;0,196785086;0,029355719
0,538313772;0,047124701;0,71881137
0,563450289;0,923508113;0,491234262
0,961891479;0,762477949;0,889914538
0,919217675;0,242341057;0,520599943
0,98189485;0,69196296;0,195003864
0,304057529;0,019115532;0,782637781
0,789850923;0,987012858;0,26813392
0,694523925;0,831658236;0,497300445
0,804453261;0,79245621;0,909950075
0,010180877;0,920458353;0,773992272
0,637670922;0,362048807;0,231371684
0,21871017;0,157052877;0,382265991
0,367122418;0,554727913;0,642762641
0,863600163;0,845500487;0,737829059
0,360133979;0,102915287;0,726180875
0,552096596;0,240838183;0,431155718
0,947040718;0,219362275;0,669810348
0,036811351;0,947910463;0,891304061
0,93397859;0,415771043;0,987801383
0,647962814;0,013275869;0,284679055
0,609169073;0,765558558;0,076941542
0,384975362;0,46566251;0,983585795
0,554852;0,139608936;0,823748171
0,279722069;0,798186386;0,242035547
0,751980248;0,294668342;0,088062152
0,340105236;0,146847631;0,873342888
0,713708657;0,247380327;0,052915457
0,380055028;0,593695247;0,416711641
0,025967773;0,611058025;0,486709736
0,378137514;0,114777068;0,193539244
0,630206699;0,097073891;0,154162572
0,138363114;0,103155074;0,933438372
0,039037015;0,63129999;0,487050736
0,377840787;0,889441586;0,682108887
0,352624818;0,172926184;0,528452534
0,003632931;0,975305876;0,948422096
0,808724974;0,295828988;0,105317085
0,498679502;0,827419616;0,446043093
0,545370226;0,730954305;0,561968524
0,059612459;0,219889336;0,985474487
0,66407127;0,143337617;0,472503495
0,531220807;0,148717831;0,576971599
0,577337801;0,948190345;0,176298052
0,412487141;0,571713658;0,183420149
0,32785407;0,447030657;0,087223132
0,190173675;0,147159382;0,205781573
0,766510379;0,223148146;0,011223871
0,826971574;0,069684099;0,742370829
0,245528517;0,437086913;0,031466582
0,770811568;0,532762472;0,153060344
0,111603957;0,436980407;0,281606032
0,435991411;0,980446268;0,554158048
0,674384254;0,516099917;0,922827677
0,035420497;0,593106901;0,614104239
0,488919202;0,464442337;0,192753469
0,089580721;0,380622759;0,446641147
0,37226618;0,332768638;0,318384134
0,24492916;0,244686167;0,412002296
0,457290174;0,729196733;0,546057202
0,547074983;0,184911318;0,650694024
0,783778339;0,884189001;0,650167524
0,034372291;0,320365949;0,035031642
0,441925259;0,636113964;0,063340322
0,074121814;0,016431925;0,162540934
0,227074045;0,097484309;0,096668311
0,209455297;0,1151869;0,068986907
0,833184548;0,399071739;0,581094253
0,138533442;0,05851743;0,231032819
0,501278295;0,755944443;0,967575726
0,009795373;0,21618575;0,100247123
0,932362131;0,588897728;0,182133004
0,295526701;0,746804588;0,630606147
0,205814592;0,983685636;0,743050437
0,34767434;0,179324943;0,853774734
0,850935493;0,405557723;0,410641696
0,662614596;0,540791437;0,056201517
0,403743091;0,5196316;0,265888247
0,462657824;0,725607087;0,463639449
0,13785277;0,962668685;0,890055689
0,281341933;0,726734914;0,149596275
0,607860886;0,458222059;0,700898136
0,618809484;0,979525264;0,528400294
0,29878649;0,975696655;0,234876698
0,487706017;0,816074222;0,225148667
0,320424935;0,221343312;0,45057255
0,680228524;0,692284018;0,368968657
0,323023283;0,482359785;0,594351837
0,338677861;0,568345595;0,375855942
0,189460803;0,356965556;0,769024051
0,046233398;0,398567386;0,66028262
0,97831767;0,377773534;0,371561317
0,841857099;0,168794374;0,051965254
0,459461731;0,265509216;0,852555449
0,984968125;0,503994266;0,583838627
0,969794763;0,092491088;0,254563994
0,898344776;0,037891776;0,839911819
0,509231227;0,523843576;0,476881987
0,80395715;0,857959581;0,750585031
0,226645148;0,426799895;0,338629955
0,562834508;0,433820045;0,068478236
0,173393209;0,850698381;0,467089053
0,760357334;0,033966123;0,609778605
0,678919832;0,430015161;0,807106465
0,073316236;0,593972969;0,23336236
0,226928386;0,623736047;0,529717036
0,198145369;0,774095942;0,586297491
0,979079443;0,507804802;0,941899421
0,479315009;0,525714009;0,877513878
0,621498517;0,829911541;0,937965147
0,621291558;0,192771893;0,679562379
0,891861078;0,86503961;0,858818488
0,425870713;0,413349528;0,040030232
0,778375502;0,986818756;0,417506625
0,856515975;0,141509797;0,108149251
0,452862251;0,79832845;0,797765804
0,184997846;0,967568918;0,913895966
0,742866426;0,295760617;0,552240798
0,133377604;0,593708954;0,021569188
0,619357093;0,044447309;0,714875465
0,861982228;0,327639049;0,750444226
0,104681588;0,426751179;0,488979527
0,664632584;0,863031449;0,797386543
0,761435852;0,062191484;0,834170301
0,57980247;0,389074421;0,327395409
0,875576824;0,631187177;0,179617773
0,298388057;0,672636091;0,570466142
0,06078217;0,448939904;0,010024906
0,671707678;0,753030766;0,482315686
0,748905475;0,689062184;0,597930589
0,147115309;0,114064259;0,239382375
0,371636668;0,485272402;0,36590768
0,135438214;0,70771731;0,4385802
0,447111176;0,684877566;0,442240822
0,801953679;0,271728991;0,310423458
0,036080825;0,831615659;0,004769386
0,105589041;0,996689893;0,52825693
0,189317368;0,288703094;0,640475101
0,100136082;0,343270267;0,291392322
0,214341394;0,180590808;0,643428176
0,506272231;0,125973091;0,25110595
0,493494688;0,35856708;0,849894277
0,844090878;0,581055389;0,249957856
0,701633351;0,677104047;0,000450408
0,896580858;0,432378201;0,370160371
0,054706691;0,686331536;0,933800154
0,869624157;0,612316247;0,824154599
0,599992415;0,570672003;0,823321912
0,288758768;0,473939972;0,268917557
0,625551687;0,398963074;0,334805367
0,450105409;0,986810848;0,910455106
0,062218235;0,949852964;0,617976774
0,188694503;0,520084058;0,382057708
0,745832368;0,29093299;0,735893847
0,317068058;0,939786853;0,581084372
0,716344436;0,217644709;0,026646307
0,723809585;0,344588746;0,687573551
0,494433962;0,305464777;0,658168561
0,577314647;0,682315832;0,371615404
0,011165889;0,617522457;0,969532545
0,756212411;0,16739026;0,081825431
0,742068593;0,565977066;0,112280422
0,423498376;0,646572717;0,565701075
0,224520068;0,31117657;0,301473382
0,508584815;0,177472594;0,373133327
0,035014032;0,74830292;0,54364097
0,90755209;0,722542777;0,521978441
0,458744606;0,909790441;0,201615773
0,346072003;0,038150377;0,88002763
0,413793551;0,917700194;0,056544212
0,962005873;0,0465954;0,105442955
0,869060497;0,788616159;0,047374069
0,923302001;0,763913285;0,335320343
0,123725885;0,955626834;0,968237863
0,626590242;0,22354939;0,327647114
0,619886452;0,360203097;0,581537402
0,041055972;0,645228175;0,990543912
0,485275603;0,38537652;0,693618226
0,151095071;0,085121742;0,113050655
0,832747104;0,705256642;0,405243026
0,146437187;0,549690654;0,018727451
0,987899291;0,799013502;0,980652874
0,910929211;0,456620059;0,457798573
0,255047126;0,564769749;0,577549418
0,234015226;0,154515906;0,134809821
0,977775439;0,516795748;0,291029937
0,553847411;0,048160983;0,338208282
0,431370234;0,910254864;0,295286988
0,120169659;0,572255327;0,088143179
0,282741209;0,308342506;0,724844389
0,924606475;0,917670472;0,980202441
0,441054019;0,000427784;0,790835435
0,511466747;0,386789551;0,892790493
0,532644203;0,305763003;0,670635027
0,87316867;0,134977712;0,982210986
0,093863594;0,291790095;0,842173787
0,492956437;0,881866016;0,762384353
0,98540828;0,759396071;0,338686834
0,205129168;0,194162025;0,032061401
0,409280342;0,35944698;0,265620459
0,024273436;0,222894614;0,678133551
0,553071454;0,882877828;0,822920888
0,824914655;0,658144434;0,783297809
0,693607139;0,047548472;0,857138772
0,874456655;0,123021157;0,495808478
0,390632173;0,458100555;0,927086165
0,633118901;0,62169509;0,723079612
0,281848877;0,630390698;0,152845281
0,175316125;0,736553373;0,81734042
0,603836994;0,742494599;0,058623821
0,471925772;0,317748328;0,778143031
0,438799125;0,224514378;0,734701723
0,809355117;0,575624891;0,934305264
0,073221687;0,396219703;0,566610007
0,051413261;0,135050808;0,332687283
0,726170073;0,641339685;0,692525361
0,185995326;0,528676953;0,458640911
0,794334917;0,954738134;0,003982265
0,674423686;0,505382629;0,175726955
0,620544139;0,29459743;0,85469117
0,16617069;0,916068107;0,365999506
0,584174776;0,128447938;0,63547831
0,503981577;0,502710612;0,578643731
0,212809629;0,256208013;0,01746581
0,593283632;0,947810976;0,570664214
0,411653387;0,010077758;0,139633595
0,689621143;0,480467157;0,020276444
0,123484279;0,86370299;0,040959267
0,061833326;0,593720147;0,32649408
0,552134934;0,6542577;0,225164313
0,170944183;0,000135007;0,670957724
0,212791736;0,849859452;0,852997825
0,286216774;0,884339852;0,152115782
0,020288583;0,978620151;0,147228099
0,893877663;0,653857117;0,44573061
0,496288029;0,937593638;0,128162979
0,429584672;0,491474201;0,456804041
0,062856765;0,500809935;0,908846838
0,348306745;0,35820415;0,070386619
0,67828004;0,52825418;0,041744617
0,687090123;0,29940745;0,874604075
0,224863861;0,464706501;0,082258953
0,822961804;0,289920775;0,38199121
0,15130503;0,057976138;0,043745326
0,159508534;0,367368091;0,436219803
0,797553866;0,447912746;0,837906776
0,34247993;0,724608687;0,568908305
0,6197803;0,252870314;0,331488485
0,038643022;0,980073473;0,632363299
0,768602269;0,246780016;0,456777311
0,549079179;0,943694619;0,479999667
0,228820791;0,480554654;0,875880416
0,160111812;0,434582102;0,217519262
0,977743453;0,451995976;0,455406212
0,831637092;0,0729472;0,812591396
0,645057359;0,048365471;0,931030222
0,744819027;0,995867237;0,107455814
0,115657282;0,983492155;0,48084
0,298282858;0,892196176;0,078519749
0,573467614;0,551702504;0,970649578
0,202038872;0,818917726;0,868996178
0,563545999;0,718257447;0,395979305
0,436812732;0,14839044;0,178200388
0,017602773;0,447401888;0,021420944
0,697704518;0,117226691;0,346117237
0,987510809;0,13881255;0,457759977
0,376737198;0,508511897;0,263111386
0,703838565;0,092218549;0,202260546
0,21954658;0,951503432;0,36312015
0,392891258;0,837091175;0,030657997
0,600160733;0,568516059;0,110319473
0,192116501;0,154185933;0,640994303
0,518551301;0,959963468;0,288744745
0,164930616;0,28910204;0,6934082
0,847828713;0,449898704;0,723026579
0,053563321;0,732956174;0,799671192
0,685603513;0,363344426;0,272243395
0,242757005;0,290317173;0,969766395
0,248980473;0,518610795;0,92462843
0,309133654;0,063186219;0,198781568
0,372387539;0,590183259;0,507775816
0,7196213;0,706035525;0,453821278
0,42441758;0,520369904;0,290670038
0,388318369;0,944892173;0,271980464
0,947242712;0,691761243;0,002463446
0,657063705;0,005282229;0,343197879
0,353754973;0,63767829;0,168955698
0,056313953;0,159573575;0,269732692
0,518295197;0,150074693;0,685669293
0,702280263;0,561890962;0,738471465
0,558199474;0,797098117;0,146620623
0,96132463;0,025663322;0,763985469
0,566276835;0,118801462;0,279227149
0,876762193;0,407357902;0,983552352
0,943819423;0,526826939;0,527640014
0,691552128;0,590632984;0,454273423
0,668242545;0,656085168;0,239900849
0,011323296;0,692694619;0,337681296
0,441661987;0,100253506;0,086354119
0,307193532;0,669718842;0,418545295
0,388890266;0,808040952;0,841818589
0,818653936;0,601337129;0,612820193
0,937286315;0,721249111;0,19827313
0,926360711;0,551448607;0,428735172
0,067999758;0,04606331;0,618186486
0,850405418;0,869659359;0,849001296
0,570838911;0,698747397;0,28578571
0,123556756;0,382105218;0,827349801
0,35363917;0,890315238;0,099011775
0,662008003;0,548115604;0,342162765
0,106572737;0,937115242;0,931924334
0,761127013;0,18755857;0,446843616
0,739750446;0,404927741;0,864218455
0,695770742;0,653588106;0,548884851
0,226727329;0,278917782;0,314138562
0,663403969;0,136935541;0,031959068
0,875966565;0,565602125;0,59164506
0,857333909;0,893585533;0,68271728
0,441775369;0,192289704;0,315873748
0,762187735;0,056410708;0,729042762
0,314884513;0,658736551;0,009457663
0,280035166;0,036357324;0,828610824
0,821029229;0,465933445;0,880170317
0,277771172;0,26282816;0,86744603
0,852536891;0,137103241;0,691460925
0,440127603;0,509897067;0,237685694
0,231802144;0,790783222;0,145355744
0,721876394;0,853470014;0,42254582
0,052955546;0,848476233;0,390765873
0,912089976;0,262428652;0,393728437
0,304330799;0,57671624;0,502900755
0,405069658;0,331536227;0,733747616
0,10414933;0,663542507;0,598423939
0,437548999;0,074701114;0,026573072
0,662518844;0,539039316;0,294377041
0,120857242;0,414141302;0,859227193
0,722952838;0,785743425;0,470236261
0,649039448;0,535701304;0,495194939
0,866294181;0,082872933;0,48444362
0,242318373;0,882082297;0,164401923
0,276145318;0,918091929;0,124928537
0,443307885;0,557623596;0,640347958
0,824710383;0,498817183;0,521475202
0,647124561;0,341090858;0,045679101
0,894401501;0,081937747;0,883055142
0,39147917;0,956553266;0,799754978
0,70687355;0,831096173;0,048247552
0,075620002;0,219110858;0,487581064
0,26738282;0,941265694;0,873276451
0,614303035;0,234418122;0,574880683
0,006109114;0,977882791;0,428107732
0,155785891;0,438006484;0,6045254
0,577614153;0,922483415;0,172328019
0,703668738;0,92212003;0,621187095
0,155606897;0,650567641;0,024875907
0,659745773;0,270139551;0,028965857
0,734834348;0,735871803;0,530396265
0,13632838;0,605268267;0,440249677
0,85165381;0,770588211;0,088246889
0,926154929;0,215317424;0,781780123
0,973841037;0,231584096;0,851377252
0,378625464;0,325465538;0,590675119
0,042752553;0,279577552;0,854434572
0,271198026;0,937294517;0,467064199
0,175154972;0,98454185;0,986471704
0,281378966;0,770150699;0,478258914
0,104966753;0,418231104;0,695513931
0,116422341;0,666598545;0,499618945
0,011975281;0,731700076;0,760454291
0,709695137;0,629362053;0,641969245
0,130927353;0,907614413;0,128601867
0,568369016;0,696069229;0,230655824
0,96792784;0,561132095;0,17404879
0,753240208;0,15101579;0,891739771
0,622886053;0,727181406;0,848185701
0,720337579;0,206192538;0,854927713
0,069063961;0,455709238;0,057291015
0,591314448;0,798352487;0,055197799
0,413710076;0,285847007;0,501976679
0,947921934;0,536874196;0,770054536
0,528753988;0,241864466;0,057544004
0,946995801;0,317647158;0,806096374
0,855176138;0,824127322;0,421552771
0,202349743;0,056538938;0,972106175
0,363404612;0,46911793;0,267453017
0,226276268;0,01539635;0,107339147
0,434557876;0,694048867;0,665672405
0,662630647;0,523016759;0,605869061
0,439562503;0,151954529;0,798279536
0,755118075;0,747048977;0,578322069
0,126021215;0,221594261;0,622129298
0,769644043;0,531296035;0,405793276
0,328278169;0,503255438;0,701278942
0,430891619;0,28327362;0,633436981
0,366679668;0,231766964;0,881849465
0,259198089;0,824099897;0,903338477
0,544048161;0,585921702;0,213993364
0,753331454;0,883632725;0,167872563
0,544978043;0,928400853;0,47811422
0,595077297;0,890602275;0,787608375
0,647392168;0,65091003;0,016988433
0,405705381;0,62250539;0,394503008
0,736360313;0,162922321;0,787104748
0,99311962;0,005576799;0,881942068
0,773642056;0,151122066;0,141175159
0,307574427;0,137377342;0,398899492
0,336111039;0,366945421;0,508404624
0,013365623;0,019288713;0,353956308
0,368697694;0,044138341;0,984451702
0,777491824;0,789647051;0,345433081
0,219976187;0,839941802;0,495316405
0,913792573;0,780993456;0,766445363
0,803182062;0,65848114;0,497052509
0,48424119;0,740150972;0,256901701
0,552908485;0,631622613;0,288651697
0,03470319;0,605234379;0,20294378
0,510240278;0,278568367;0,325126047
0,235524843;0,452597712;0,41033606
0,982547031;0,263551391;0,42717802
0,624323667;0,473262669;0,430031857
0,304906386;0,870780738;0,296114714
0,858360468;0,742259973;0,279444833
0,587401674;0,91779664;0,391957673
0,915970699;0,524891728;0,264258307
0,489613171;0,714596461;0,807633029
0,106935899;0,921027092;0,13825381
0,828289199;0,790429794;0,97543697
0,343916591;0,522158091;0,540231327
0,53187798;0,456678818;0,905437377
0,620243599;0,907675014;0,166978389
0,91111165;0,116804726;0,176676671
0,489371437;0,527383168;0,801077547
0,98305047;0,687086837;0,48067317
0,176348435;0,348781606;0,877644745
0,704156894;0,562570653;0,218151728
0,645196446;0,047066134;0,518371073
0,612591969;0,958904071;0,452298586
0,691302132;0,003886006;0,188599423
0,016960139;0,270867857;0,555942428
0,436324209;0,877937025;0,035252519
0,951595224;0,263559017;0,378345361
0,739535953;0,350095036;0,07017082
0,476242505;0,385960889;0,98225923
0,609129362;0,352003748;0,783006469
0,087433523;0,020448454;0,394126113
0,744823265;0,306844328;0,132630494
0,087569924;0,837288736;0,110549767
0,627152222;0,038477168;0,110752334
0,912949277;0,135916427;0,844221218
0,490547726;0,60190787;0,019997364
0,38633995;0,774547477;0,763382638
0,141201526;0,509581876;0,575527271
0,435522075;0,467958402;0,669111443
0,783118633;0,798000262;0,105908652
0,891762766;0,401654391;0,844618857
0,253293603;0,338595743;0,27369939
0,576615195;0,579004517;0,114694045
0,809109757;0,154006586;0,184780271
0,282187825;0,840443987;0,108404893
0,716585323;0,596676149;0,257573145
0,153928486;0,000689038;0,610059072
0,66190187;0,265366658;0,398101334
0,402834885;0,353113305;0,16825485
0,52708768;0,725711427;0,29968534
0,1609797;0,774947655;0,96063697
0,794015312;0,319198065;0,07237723
0,769484969;0,311294347;0,207404543
0,286938294;0,891954801;0,294490942
0,049875359;0,007798924;0,844241539
0,967058762;0,344156898;0,925969538
0,918018196;0,983421772;0,580246068
0,677973726;0,445825326;0,923869536
0,457189431;0,543222348;0,891383184
0,177586063;0,027159678;0,60979059
0,245483253;0,038258289;0,945647474
0,652351575;0,437001133;0,51469086
0,662416185;0,671703859;0,653683104
0,840178734;0,45391634;0,783433315
0,348021971;0,38906206;0,457812587
0,604795927;0,574926846;0,008142554
0,784593504;0,368864589;0,565573324
0,413369275;0,288005621;0,401748
0,918328288;0,32660986;0,917421451
0,104265394;0,518070428;0,195351662
0,895871316;0,662198978;0,624898189
0,108446428;0,441315098;0,645218575
0,987595237;0,877265167;0,677939018
0,425742142;0,915337297;0,560157454
0,102883695;0,228132067;0,480721838
0,809995877;0,605782533;0,169009941
0,028223449;0,406555356;0,398868449
0,201839931;0,324305664;0,981607844
0,968686008;0,750288799;0,065555773
0,552338592;0,310378653;0,857328
0,872603276;0,336806531;0,719086246
0,193586805;0,45428949;0,493197037
0,53643385;0,586630327;0,92914245
0,885969215;0,158314555;0,675240985
0,294248631;0,412081954;0,33705167
0,579175578;0,148039841;0,932290944
0,363769886;0,000980251;0,244341114
0,663712835;0,918260308;0,414354539
0,643559119;0,746079444;0,889563559
0,988867847;0,082682427;0,63608434
0,538979161;0,643421046;0,354690458
0,389593677;0,372913487;0,026527168
0,055922369;0,044691652;0,399263798
0,506140765;0,688508004;0,541364517
0,380503903;0,702728398;0,626294672
0,113676936;0,664578691;0,988340547
0,739054822;0,795043703;0,329603938
0,69168924;0,630745266;0,974221075
0,754120226;0,355301045;0,286157372
0,38277267;0,199791018;0,106206527
0,447772603;0,277398372;0,08815889
0,11939737;0,261895816;0,201309493
0,184730812;0,517905518;0,617612544
0,004272185;0,830508573;0,320724032
0,64017991;0,881915452;0,187590878
0,924891625;0,830766255;0,949581473
0,097425913;0,506229545;0,284352074
0,883514091;0,577714704;0,897516191
0,772504216;0,783617408;0,071499189
0,575416447;0,085909042;0,513676371
0,435729944;0,893769944;0,976116864
0,553887626;0,986734543;0,524544949
0,850373338;0,382988842;0,154048509
0,648898626;0,856105748;0,072017058
0,603320958;0,358197214;0,380287446
0,28128098;0,028580522;0,956754287
0,070963855;0,342223117;0,097446428
0,004488147;0,152304666;0,334750785
0,07810697;0,880738677;0,60370462
0,095358061;0,647185773;0,635755877
0,210341026;0,593876072;0,421694759
0,407811664;0,878094407;0,116132364
0,707234037;0,914378789;0,184643795
0,905315242;0,97834656;0,193217256
0,574459845;0,619002199;0,882451527
0,99544772;0,734524471;0,211271703
0,833594218;0,80727257;0,023227801
0,596383171;0,372050212;0,567356391
0,259486839;0,152423679;0,474524272
0,956852883;0,544731242;0,222675448
0,740977928;0,194638206;0,524980809
0,931706448;0,756534771;0,166416427
0,70332468;0,321401765;0,740156031
0,040315901;0,963795719;0,835609588
0,129716081;0,239110501;0,871436551
0,110341665;0,64478441;0,994985842
0,753238274;0,262795404;0,557879226
0,694937992;0,059909765;0,260702579
0,556661985;0,069030856;0,549108054
0,149295161;0,545553685;0,376551326
0,461237069;0,434465472;0,373260097
0,232521035;0,775670843;0,224048265
0,962440967;0,148344033;0,799564966
0,940612893;0,871793103;0,607444519
0,794656888;0,764083039;0,337920085
0,73143583;0,067835031;0,1658147
0,502518961;0,620970027;0,866163813
0,658623222;0,840563424;0,263642246
0,083023213;0,371063682;0,638376793
0,575938878;0,167176268;0,972604291
0,406108959;0,902366823;0,465458787
0,808478743;0,098449318;0,80896745
0,190924503;0,024228016;0,998238299
0,519333393;0,110581544;0,73903918
0,704865995;0,535755101;0,180733302
0,457874008;0,300453214;0,960015518
0,048452562;0,689710105;0,966670781
0,879837543;0,977585618;0,877452319
0,595500363;0,472147981;0,175958862
0,351064444;0,03538915;0,123466606
0,687653506;0,15492939;0,158923815
0,281034194;0,194833858;0,188496415
0,29937622;0,137931363;0,093655131
0,079537059;0,425291399;0,67945086
0,653790746;0,394819038;0,763775007
0,545759137;0,980087595;0,400846478
0,089262705;0,337220699;0,813462154
0,523390598;0,818815271;0,804151306
0,7696434;0,764451806;0,031182787
0,366214086;0,289909769;0,267098825
0,036645657;0,440623361;0,686589106
0,828611144;0,915066838;0,412663972
0,939415179;0,43882811;0,726441222
0,138369321;0,020399874;0,853383839
0,480052674;0,627763228;0,989219787
0,296440586;0,673071574;0,330347361
0,137853432;0,081684353;0,12586743
0,371167303;0,373701455;0,56739288
0,927080761;0,513325931;0,374092576
0,996889258;0,323856873;0,894347419
0,770230565;0,293493564;0,166620837
0,109453456;0,136047424;0,990853415
0,599228259;0,838532985;0,020841336
0,706507215;0,920960467;0,538351019
0,750305365;0,478116355;0,890178694
0,677748824;0,376309548;0,452379935
0,465550722;0,578873117;0,033424608
0,170162028;0,640298296;0,89368083
0,037419199;0,150771728;0,020577525
0,661952287;0,014878988;0,517172845
0,340339712;0,590877129;0,608901282
0,386238017;0,451794688;0,29474673
0,033189353;0,123594961;0,178675336
0,318216068;0,983822415;0,404489136
0,347559815;0,630538039;0,614465582
0,411146391;0,246119472;0,284479698
0,876142785;0,060711029;0,51486543
0,316754096;0,407414694;0,238503431
0,231138485;0,11363639;0,505713486
0,465240888;0,914605068;0,664866414
0,997432676;0,655225793;0,443079725
0,456418603;0,722404352;0,363228421
0,100243546;0,587957155;0,570680442
0,363264829;0,587055693;0,556121895
0,410679934;0,436751121;0,79474738
0,727385195;0,651618555;0,294480335
0,556987086;0,143762846;0,638511771
0,267820335;0,015037312;0,852510943
0,49073522;0,226917943;0,007339839
0,69656273;0,440091408;0,027365086
0,272614855;0,727398484;0,696504402
0,779528964;0,524843803;0,935068448
0,01306676;0,927600419;0,81619075
0,568788523;0,517036257;0,245478452
0,747567502;0,634159092;0,808008709
0,293806955;0,603222574;0,558405058
0,736796023;0,219407401;0,813313911
0,871504702;0,948622386;0,915175538
0,166792686;0,297678441;0,046009951
0,418962841;0,650948076;0,489118856
0,251830784;0,597571742;0,481499714
0,704186247;0,0947252;0,267421677
0,344087522;0,262231584;0,590244409
0,35205957;0,367659177;0,383621278
0,366845261;0,234179978;0,525957795
0,034275977;0,142461094;0,556891259
0,69955919;0,388497851;0,251450489
0,946718555;0,751465749;0,689070959
0,828836977;0,876578093;0,168923427
0,726870197;0,054691575;0,819991606
0,179283216;0,532014712;0,49713076
0,042721132;0,370156726;0,6711395
0,702716182;0,477641299;0,402022916
0,283851032;0,790577938;0,232563404
0,759951986;0,758166595;0,959256123
0,568260798;0,798936032;0,184305475
0,01732957;0,007054936;0,26963886
0,81519096;0,089480678;0,941855771
0,875101438;0,734052824;0,692356847
0,16882342;0,947561064;0,699850811
0,313766043;0,982493749;0,876851718
0,018208766;0,550782794;0,465524391
0,105322069;0,663959473;0,789818944
0,71895493;0,084742594;0,703618088
0,027444917;0,762495542;0,666876937
0,883027053;0,038140393;0,935279368
0,441660443;0,15332623;0,998946464
0,891094217;0,111389282;0,926780157
0,817730669;0,904534705;0,77927271
0,776299817;0,31646814;0,476528018
0,88447525;0,139726807;0,35394968
0,39869771;0,076899507;0,079677333
0,64562826;0,51895461;0,955181771
0,350072888;0,856320849;0,490985924
0,98800419;0,903750467;0,530113306
0,795278129;0,225524443;0,761912791
0,079095078;0,426301127;0,355704874
0,639514745;0,379808146;0,491963553
0,767388335;0,502271229;0,351964748
0,852378408;0,320991988;0,398879146
0,752547191;0,121216289;0,195363243
0,830079139;0,214246689;0,066137827
0,84188788;0,038607135;0,685922481
0,40913721;0,928956241;0,14877414
0,256914933;0,005872901;0,669283461
0,459962105;0,484190123;0,055694458
0,116643189;0,059743704;0,173470036
0,083444142;0,698968186;0,36538443
0,540646162;0,528837102;0,069330171
0,619289085;0,849405851;0,829480456
0,141086477;0,57039587;0,662748994
0,715597149;0,490398107;0,211425353
0,688863551;0,234354234;0,777876576
0,068029863;0,025074307;0,375750735
0,926536699;0,494966112;0,882473893
0,852525743;0,002425395;0,138843207
0,516375459;0,603049299;0,498087978
0,991335649;0,945899141;0,622518225
0,267645792;0,821675462;0,227988293
0,563226829;0,242355275;0,076414589
0,442166693;0,787159608;0,669871833
0,915420358;0,818654833;0,292695298
0,127670738;0,253573157;0,768431694
0,055513215;0,312246898;0,095705382
0,904178508;0,4086939;0,949837295
0,618409881;0,521394946;0,906440887
0,893970724;0,581978225;0,848324164
0,845536575;0,737781304;0,135506931
0,598510294;0,666343868;0,173961002
0,517074743;0,585502995;0,582561895
0,293168431;0,739464547;0,728705684
0,896877067;0,263269746;0,355793308
0,451863187;0,114176176;0,491761706
0,049695187;0,287410303;0,829975942
0,709728383;0,142128389;0,0089812
0,727716813;0,1557117;0,793134423
0,243749056;0,638940274;0,454217406
0,061266432;0,316826726;0,401862654
0,903801977;0,323853496;0,527555924
0,368555687;0,755967332;0,076516801
0,023543939;0,948802376;0,34442683
0,082248013;0,237235634;0,0423586
0,877546465;0,735672963;0,576076342
0,097649346;0,063614051;0,083243473
0,8027647;0,597956534;0,196432441
0,366723223;0,044836332;0,586701617
0,57555297;0,583146207;0,160960635
0,12499576;0,233671989;0,627219258
0,213139559;0,568689686;0,979581756
0,409923061;0,650566904;0,024206103
0,287852634;0,951053354;0,153335389
0,223925969;0,701340698;0,525711248
0,325859317;0,869437404;0,882418065
0,781514528;0,115666774;0,902907738
0,565873435;0,427614797;0,018587606
0,823972915;0,711667292;0,124366074
0,315211381;0,476225183;0,9434134
0,66809461;0,019889657;0,588239602
0,021932856;0,085252573;0,575014309
0,504395145;0,632766913;0,440480029
0,297351045;0,431487177;0,208506785
0,282987892;0,508265105;0,683775859
0,861586628;0,648149481;0,352783454
0,574866415;0,833689418;0,638205283
0,172158037;0,199087653;0,954717532
0,103111341;0,264663876;0,086715036
0,677151702;0,172115195;0,023981149
0,340764878;0,831284377;0,395510588
0,666231853;0,672791842;0,40406117
0,226510778;0,302080587;0,569039317
0,895061283;0,88700036;0,301420028
0,551979545;0,601666428;0,561334963
0,365001055;0,918809937;0,387698485
0,858171935;0,242505609;0,558610938
0,220328698;0,926207923;0,41207214
0,998335643;0,717004819;0,951365187
0,512816606;0,577052168;0,941481831
0,116739968;0,624602949;0,027944035
0,827425217;0,767513914;0,973719556
0,852458317;0,013280981;0,96868506
0,903071499;0,082550568;0,62093888
0,396741552;0,005861729;0,215685302
0,792132903;0,373026497;0,205778004
0,823922975;0,620012695;0,63120848
0,691162403;0,161328403;0,275403164
0,116885734;0,610178634;0,078983099
0,125979406;0,483798116;0,899482485
0,130992763;0,463717521;0,829311642
0,336978276;0,571429719;0,741592331
0,362200657;0,918088488;0,851925681
0,409564819;0,04682779;0,818943039
0,234264994;0,421725231;0,236334649
0,055624085;0,21835424;0,115491814
0,249113175;0,073578756;0,179041785
0,026123759;0,907583273;0,533248188
0,907851901;0,477179369;0,52824546
0,057254299;0,29849127;0,646067534
0,51178937;0,807516092;0,77050944
0,765337791;0,327889326;0,748067668
0,380134132;0,373516764;0,546564098
0,245294671;0,83669535;0,40838064
0,806118404;0,76017949;0,133441006
0,916526621;0,198693388;0,377761849
0,630066966;0,001894392;0,34514491
0,30945812;0,369514032;0,918200562
0,039676117;0,356967332;0,552149741
0,783531263;0,932719489;0,108103442
0,806963333;0,424050192;0,737426057
0,276372649;0,38353559;0,023232831
0,012774899;0,62541178;0,419194295
0,791945342;0,956656658;0,462723165
0,595435595;0,892217304;0,460301704
0,745786528;0,215327075;0,198959696
0,461639785;0,155957694;0,952799334
0,548500451;0,12306743;0,83669507
0,279067539;0,858039489;0,504553672
0,671047186;0,09306339;0,171122894
0,669116874;0,32276787;0,740732359
0,049469578;0,952071754;0,922591916
0,577743339;0,38878399;0,016736083
0,735966608;0,160018532;0,036705127
0,856321118;0,926586367;0,017155096
0,614958374;0,018474524;0,796517962
0,189334078;0,09048847;0,823256351
0,087219713;0,506976359;0,205335395
0,34698139;0,713424273;0,48178723
0,688427907;0,963650499;0,262967321
0,287420334;0,574247681;0,614222333
0,934739807;0,088283252;0,744197845
0,953931116;0,820789973;0,510173852
0,714749961;0,167308044;0,126117487
0,602272713;0,509541805;0,051395342
0,939873834;0,936775185;0,67723476
0,373586609;0,480704217;0,8903962
0,65072397;0,89629037;0,105566056
0,115939337;0,223020429;0,85702758
0,930377403;0,16874056;0,590898581
0,298579879;0,236641169;0,689806888
0,603698711;0,798137351;0,050997761
0,270884413;0,888599944;0,040379612
0,512151047;0,616872455;0,097040466
0,40686183;0,264768771;0,105117045
0,621904205;0,80455586;0,562176524
0,798029053;0,033837338;0,18386382
0,210802293;0,840560438;0,786774717
0,685705412;0,663292544;0,806299972
0,976929794;0,813475577;0,559026831
0,619121608;0,854921325;0,510489703
0,075099186;0,077611288;0,364943572
0,658539162;0,371327626;0,61756733
0,048301556;0,184462375;0,448709708
0,168266247;0,333382202;0,91722476
0,141141032;0,170432589;0,447744219
0,856183256;0,561732042;0,471512033
0,828431329;0,646078849;0,484878386
0,092963497;0,653563195;0,209146747
0,840800606;0,189780712;0,709554193
0,880342891;0,415667396;0,390692558
0,469596497;0,665396036;0,520764348
0,260542414;0,980102706;0,564265339
0,733162052;0,069747602;0,77418369
0,61564004;0,530052493;0,712110904
0,970912571;0,959825695;0,614670718
0,515908542;0,832832664;0,931622221
0,956635533;0,196162326;0,592121935
0,539575626;0,233597361;0,337421228
0,36324839;0,352912569;0,088159118
0,991120677;0,932830964;0,671885434
